"Data Source","World Development Indicators",

"Last Updated Date","2023-07-25",

"Country Name","Country Code","Indicator Name","Indicator Code","1960","1961","1962","1963","1964","1965","1966","1967","1968","1969","1970","1971","1972","1973","1974","1975","1976","1977","1978","1979","1980","1981","1982","1983","1984","1985","1986","1987","1988","1989","1990","1991","1992","1993","1994","1995","1996","1997","1998","1999","2000","2001","2002","2003","2004","2005","2006","2007","2008","2009","2010","2011","2012","2013","2014","2015","2016","2017","2018","2019","2020","2021","2022",
"Aruba","ABW","Government expenditure per student, primary (% of GDP per capita)","SE.XPD.PRIM.PC.ZS","","","","","","","","","","","","","","","","","","","","","","","","","","","","","","","","","","","","","","","","11.59103","13.06282","12.19509","13.78319","","11.41266","12.21276","","","","","","","18.38443","17.36433","17.08119","","","","","","","","",
"Africa Eastern and Southern","AFE","Government expenditure per student, primary (% of GDP per capita)","SE.XPD.PRIM.PC.ZS","","","","","","","","","","","","","","","","","","","","","","","","","","","","","","","","","","","","","","","","","","","","","","","","","","","","","","","","","","","","","","","",
"Afghanistan","AFG","Government expenditure per student, primary (% of GDP per capita)","SE.XPD.PRIM.PC.ZS","","","","","","","","","","","","","","","","","","","","","","","","","","","","","","","","","","","","","","","","","","","","","","","","","","","11.95215","12.21159","8.31733","11.17447","11.72219","10.24688","10.34081","10.25174","","","","","",
"Africa Western and Central","AFW","Government expenditure per student, primary (% of GDP per capita)","SE.XPD.PRIM.PC.ZS","","","","","","","","","","","","","","","","","","","","","","","","","","","","","","","","","","","","","","","","","","","","","","7.90087","12.238305","","11.64562","12.13029","10.917025","10.633625","12.891175","10.67458","","","","","","","","","",
"Angola","AGO","Government expenditure per student, primary (% of GDP per capita)","SE.XPD.PRIM.PC.ZS","","","","","","","","","","","","","","","","","","","","","","","","","","","","","","","","","","","","","","","","","","","","","","","","","","","","","","","","","","","","","","","",
"Albania","ALB","Government expenditure per student, primary (% of GDP per capita)","SE.XPD.PRIM.PC.ZS","","","","","","","","","","","","","","","","","","","","","","","","","","","","","","","","","","","","","","","","","","","","","","","","","","","","","","","","29.84568","","34.18148","","","","","",
"Andorra","AND","Government expenditure per student, primary (% of GDP per capita)","SE.XPD.PRIM.PC.ZS","","","","","","","","","","","","","","","","","","","","","","","","","","","","","","","","","","","","","","","","","","","7.7816","","7.97078","7.43949","9.72882","9.91776","","15.70711","17.08411","17.79961","","15.56091","13.02109","13.45657","12.74297","12.72411","12.30702","","","","",
"Arab World","ARB","Government expenditure per student, primary (% of GDP per capita)","SE.XPD.PRIM.PC.ZS","","","","","","","","","","","","","","","","","","","","","","","","","","","","","","","","","","","","","","","","","","","","","","","","","","","","","","","","","","","","","","","",
"United Arab Emirates","ARE","Government expenditure per student, primary (% of GDP per capita)","SE.XPD.PRIM.PC.ZS","","","","","","","","","","","","","","","","","","","","","","","","","","","","","","","","","","","","","","","6.04318","","","","","","","","","","","","","","","","","","","","","","","","",
"Argentina","ARG","Government expenditure per student, primary (% of GDP per capita)","SE.XPD.PRIM.PC.ZS","","","","","","","","","","","","","","","","","","","","","","","","","","","","","","","","","","","","","","","10.95099","12.42388","12.2987","13.80064","10.75649","10.47639","10.00318","10.53523","11.53286","12.6881","13.70256","14.80287","13.68048","14.20816","14.56387","14.38084","14.38654","15.64309","15.2222","14.97726","","","","","",
"Armenia","ARM","Government expenditure per student, primary (% of GDP per capita)","SE.XPD.PRIM.PC.ZS","","","","","","","","","","","","","","","","","","","","","","","","","","","","","","","","","","","","","","","","","","","","","","","","","","","","","10.78627","10.98089","","10.994","11.27122","10.15365","","","","","",
"American Samoa","ASM","Government expenditure per student, primary (% of GDP per capita)","SE.XPD.PRIM.PC.ZS","","","","","","","","","","","","","","","","","","","","","","","","","","","","","","","","","","","","","","","","","","","","","","","","","","","","","","","","","","","","","","","",
"Antigua and Barbuda","ATG","Government expenditure per student, primary (% of GDP per capita)","SE.XPD.PRIM.PC.ZS","","","","","","","","","","","","","","","","","","","","","","","","","","","","","","","","","","","","","","","","","","","","","","","","","","8.05843","","","","","","","","","","","","","",
"Australia","AUS","Government expenditure per student, primary (% of GDP per capita)","SE.XPD.PRIM.PC.ZS","","","","","","","","","","","","","","","","","","","","","","","","","","","","","","","","","","","","15.68629","","","","","16.74596","","","","","17.92028","17.73229","17.28608","17.65014","19.91991","22.33566","19.96941","18.14095","18.65626","18.24146","18.78482","19.30184","","","","","","",
"Austria","AUT","Government expenditure per student, primary (% of GDP per capita)","SE.XPD.PRIM.PC.ZS","","","","","","","","","","","","","","","","","","","","","","","","","","","","","","","","","","","","","","","24.51562","24.35442","22.47593","22.44577","22.86316","22.60623","22.01719","22.61234","22.58595","22.16889","23.15767","25.12912","24.90171","24.58211","21.34553","22.85994","22.59552","23.20446","23.48041","","","","","","",
"Azerbaijan","AZE","Government expenditure per student, primary (% of GDP per capita)","SE.XPD.PRIM.PC.ZS","","","","","","","","","","","","","","","","","","","","","","","","","","","","","","","","","","","","","","","","","","","","","","","","","","","","","","","","","","","","","","","",
"Burundi","BDI","Government expenditure per student, primary (% of GDP per capita)","SE.XPD.PRIM.PC.ZS","","","","","","","","","","","","","","","","","","","","","","","","","","","","","","","","","","","","","","","","11.96135","9.04612","10.11769","10.56828","","13.9698","13.30148","","","13.63167","15.87194","14.43146","14.45543","12.6662","12.92904","","","","","","","","","",
"Belgium","BEL","Government expenditure per student, primary (% of GDP per capita)","SE.XPD.PRIM.PC.ZS","","","","","","","","","","","","","","","","","","","","","","","","","","","","","","","","","","","","","","","","","","","","","","","","","","","","","","22.5828","22.22876","22.03343","21.87767","","","","","","",
"Benin","BEN","Government expenditure per student, primary (% of GDP per capita)","SE.XPD.PRIM.PC.ZS","","","","","","","","","","","","","","","","","","","","","","","","","","","","","","","","","","","","","","","","","10.92778","12.00697","10.08238","10.00672","10.54721","10.10737","11.28517","","11.64562","12.62188","13.66952","","12.18628","11.04903","10.19757","10.25321","","","","","","","",
"Burkina Faso","BFA","Government expenditure per student, primary (% of GDP per capita)","SE.XPD.PRIM.PC.ZS","","","","","","","","","","","","","","","","","","","","","","","","","","","","","","","","","","","","","","","","","","","","","","33.32325","29.7582","28.07848","","","18.11396","20.47988","17.37351","19.01221","20.22056","16.13029","","","","","","","",
"Bangladesh","BGD","Government expenditure per student, primary (% of GDP per capita)","SE.XPD.PRIM.PC.ZS","","","","","","","","","","","","","","","","","","","","","","","","","","","","","","","","","","","","","","","","","","","","","","","7.58248","8.79898","8.29676","7.56853","","","","","","","","","","","","","",
"Bulgaria","BGR","Government expenditure per student, primary (% of GDP per capita)","SE.XPD.PRIM.PC.ZS","","","","","","","","","","","","","","","","","","","","","","","","","","","","","","","","","","","","","","","12.26539","","","15.16592","15.37402","17.97436","11.19144","22.20004","21.58024","20.63391","22.80496","22.74503","21.49743","18.98909","18.88574","22.99728","","","","","","","","","",
"Bahrain","BHR","Government expenditure per student, primary (% of GDP per capita)","SE.XPD.PRIM.PC.ZS","","","","","","","","","","","","","","","","","","","","","","","","","","","","","","","","","","","","","","","","","","","","","","","","","","","","","","10.47755","10.32071","11.16362","","","","","","","",
"Bahamas, The","BHS","Government expenditure per student, primary (% of GDP per capita)","SE.XPD.PRIM.PC.ZS","","","","","","","","","","","","","","","","","","","","","","","","","","","","","","","","","","","","","","","","","","","","","","","","","","","","","","","","","","","","","","","",
"Bosnia and Herzegovina","BIH","Government expenditure per student, primary (% of GDP per capita)","SE.XPD.PRIM.PC.ZS","","","","","","","","","","","","","","","","","","","","","","","","","","","","","","","","","","","","","","","","","","","","","","","","","","","","","","","","","","","","","","","",
"Belarus","BLR","Government expenditure per student, primary (% of GDP per capita)","SE.XPD.PRIM.PC.ZS","","","","","","","","","","","","","","","","","","","","","","","","","","","","","","","","","","","","","","","","","","","","","","","","","","","","","","","","","","","","","","","",
"Belize","BLZ","Government expenditure per student, primary (% of GDP per capita)","SE.XPD.PRIM.PC.ZS","","","","","","","","","","","","","","","","","","","","","","","","","","","","","","","","","","","","","","","","16.87322","16.24497","","","","12.42717","13.71514","14.12419","","15.48145","16.09631","18.24662","","15.03615","16.10865","16.34612","15.10773","16.23127","16.55987","","","","","",
"Bermuda","BMU","Government expenditure per student, primary (% of GDP per capita)","SE.XPD.PRIM.PC.ZS","","","","","","","","","","","","","","","","","","","","","","","","","","","","","","","","","","","","","","","","","","","","","9.40736","10.92196","","","","","11.96799","","","","8.46154","8.05056","","","","","","","",
"Bolivia","BOL","Government expenditure per student, primary (% of GDP per capita)","SE.XPD.PRIM.PC.ZS","","","","","","","","","","","","","","","","","","","","","","","","","","","","","","","","","","","","","","","","","","","","","","","","","","","","","","","","","","","","","","","",
"Brazil","BRA","Government expenditure per student, primary (% of GDP per capita)","SE.XPD.PRIM.PC.ZS","","","","","","","","","","","","","","","","","","","","","","","","","","","","","","","","","","","","","","","","10.62585","10.5463","10.36094","9.79901","","12.68983","15.19637","","16.92151","18.13079","19.65354","20.5004","20.12935","19.54553","19.66313","19.45078","20.05496","","","","","","","",
"Barbados","BRB","Government expenditure per student, primary (% of GDP per capita)","SE.XPD.PRIM.PC.ZS","","","","","","","","","","","","","","","","","","","","","","","","","","","","","","","","","","","","","","","","10.55182","14.11934","19.46455","17.83147","19.45603","19.83642","19.17852","","","22.13818","","","","","","","","20.75168","","","","","","",
"Brunei Darussalam","BRN","Government expenditure per student, primary (% of GDP per capita)","SE.XPD.PRIM.PC.ZS","","","","","","","","","","","","","","","","","","","","","","","","","","","","","","","","","","","","","","","","","","","","","","","","","","","5.01888","","","","","","8.87354","","","","","","",
"Bhutan","BTN","Government expenditure per student, primary (% of GDP per capita)","SE.XPD.PRIM.PC.ZS","","","","","","","","","","","","","","","","","","","","","","","","","","","","","","","","","","","","","","","","","","","","","8.30296","10.3683","","","7.13574","8.72884","7.50761","9.10615","","7.73873","12.84915","","","","","","","","",
"Botswana","BWA","Government expenditure per student, primary (% of GDP per capita)","SE.XPD.PRIM.PC.ZS","","","","","","","","","","","","","","","","","","","","","","","","","","","","","","","","","","","","","","","","","","","","","","17.22529","","13.54782","","10.0503","","","","","","","","","","","","","",
"Central African Republic","CAF","Government expenditure per student, primary (% of GDP per capita)","SE.XPD.PRIM.PC.ZS","","","","","","","","","","","","","","","","","","","","","","","","","","","","","","","","","","","","","","","","","","","","","","","7.29856","5.34246","","4.33596","4.10032","","","","","","","","","","","","",
"Canada","CAN","Government expenditure per student, primary (% of GDP per capita)","SE.XPD.PRIM.PC.ZS","","","","","","","","","","","","","","","","","","","","","","","","","","","","","","","","","","","","","","","","","","","","","","","","","","","","","","","","17.56737","","","","","","","",
"Central Europe and the Baltics","CEB","Government expenditure per student, primary (% of GDP per capita)","SE.XPD.PRIM.PC.ZS","","","","","","","","","","","","","","","","","","","","","","","","","","","","","","","","","","","","","","","","","","18.23332","19.67888","18.5154","14.67982","17.34336","23.201875","19.19181","21.41809","21.56424","22.16611","19.95759","19.293605","22.501625","19.88464","19.99539","20.29085","","","","","","",
"Switzerland","CHE","Government expenditure per student, primary (% of GDP per capita)","SE.XPD.PRIM.PC.ZS","","","","","","","","","","","","","","","","","","","","","","","","","","","","","","","","","","","","","","","21.62705","21.01051","20.04724","21.01328","22.38294","22.68793","22.70432","21.91685","20.99529","20.36261","18.63799","21.82949","21.89051","23.32384","26.95624","26.87479","26.41578","24.56797","24.78876","","","","","","",
"Channel Islands","CHI","Government expenditure per student, primary (% of GDP per capita)","SE.XPD.PRIM.PC.ZS","","","","","","","","","","","","","","","","","","","","","","","","","","","","","","","","","","","","","","","","","","","","","","","","","","","","","","","","","","","","","","","",
"Chile","CHL","Government expenditure per student, primary (% of GDP per capita)","SE.XPD.PRIM.PC.ZS","","","","","","","","","","","","","","","","","","","","","","","","","","","","","","","","","","","","","","13.39076","11.69179","","13.85617","","15.34352","14.58796","12.19072","11.47725","10.46523","11.21729","13.9227","16.12883","14.57257","15.01703","16.77241","15.78767","14.18282","15.18748","18.29521","18.38536","","","","","",
"China","CHN","Government expenditure per student, primary (% of GDP per capita)","SE.XPD.PRIM.PC.ZS","","","","","","","","","","","","","","","","","","","","","","","","","","","","","","","","","","","","","","","5.90241","","","","","","","","","","","","","","","","","","","","","","","","",
"Cote d'Ivoire","CIV","Government expenditure per student, primary (% of GDP per capita)","SE.XPD.PRIM.PC.ZS","","","","","","","","","","","","","","","","","","","","","","","","","","","","","","","","","","","","","","15.42192","14.10458","14.31843","13.0342","12.75154","","","","","16.26761","16.46328","15.56569","15.51095","","12.48176","13.59607","13.57966","12.75758","13.78098","15.7917","13.17057","13.27872","","","","",
"Cameroon","CMR","Government expenditure per student, primary (% of GDP per capita)","SE.XPD.PRIM.PC.ZS","","","","","","","","","","","","","","","","","","","","","","","","","","","","","","","","","","","","","","","","","","","","","","6.0289","6.43976","6.82803","5.11196","6.28029","5.92604","5.27591","5.44964","","","","","","","","","","",
"Congo, Dem. Rep.","COD","Government expenditure per student, primary (% of GDP per capita)","SE.XPD.PRIM.PC.ZS","","","","","","","","","","","","","","","","","","","","","","","","","","","","","","","","","","","","","","","","","","","","","","","","","","","3.10452","","","7.19307","","","","","","","","","",
"Congo, Rep.","COG","Government expenditure per student, primary (% of GDP per capita)","SE.XPD.PRIM.PC.ZS","","","","","","","","","","","","","","","","","","","","","","","","","","","","","","","","","","","","","","","","","","","7.15206","","","3.03459","","","","","11.68812","","","","","","","","","","","","",
"Colombia","COL","Government expenditure per student, primary (% of GDP per capita)","SE.XPD.PRIM.PC.ZS","","","","","","","","","","","","","","","","","","","","","","","","","","","","","","","","","","","","","","","13.17931","15.15137","11.87519","12.96792","","","15.77199","15.40003","","12.38764","12.3262","15.48542","15.46718","14.75523","14.86019","16.59328","17.04063","17.41694","17.44523","17.84725","16.98989","","","","",
"Comoros","COM","Government expenditure per student, primary (% of GDP per capita)","SE.XPD.PRIM.PC.ZS","","","","","","","","","","","","","","","","","","","","","","","","","","","","","","","","","","","","","","","5.48902","","","","5.57682","","","","","","16.14708","","","9.63088","","8.10595","9.75717","","","","","","","","",
"Cabo Verde","CPV","Government expenditure per student, primary (% of GDP per capita)","SE.XPD.PRIM.PC.ZS","","","","","","","","","","","","","","","","","","","","","","","","","","","","","","","","","","","","","","","","","","","17.02072","","","19.06788","18.31226","13.37293","12.63154","15.48596","","15.70374","","14.50744","16.47302","16.62463","17.06822","16.65962","","","","","",
"Costa Rica","CRI","Government expenditure per student, primary (% of GDP per capita)","SE.XPD.PRIM.PC.ZS","","","","","","","","","","","","","","","","","","","","","","","","","","","","","","","","","","","","","","","","17.46328","15.66871","15.14994","16.49449","","16.90553","","14.54023","14.90954","16.22261","21.20577","24.44369","23.20475","24.78822","24.75781","25.14192","26.71543","24.86943","22.2852","20.82721","","","","",
"Caribbean small states","CSS","Government expenditure per student, primary (% of GDP per capita)","SE.XPD.PRIM.PC.ZS","","","","","","","","","","","","","","","","","","","","","","","","","","","","","","","","","","","","","","","","","10.40992","11.35551","15.44614","12.01122","10.44276","13.1913","","13.28476","13.400815","16.718175","21.98013","21.56639","22.68455","23.1628","23.52822","22.17824","21.77293","23.44592","21.68464","","","","",
"Cuba","CUB","Government expenditure per student, primary (% of GDP per capita)","SE.XPD.PRIM.PC.ZS","","","","","","","","","","","","","","","","","","","","","","","","","","","","","","","","","","","","","","","22.22913","25.03074","28.28703","28.87794","37.25261","","40.48471","40.26802","33.60052","45.57016","46.18943","43.20693","49.06773","","","","","","","","","","","","",
"Curacao","CUW","Government expenditure per student, primary (% of GDP per capita)","SE.XPD.PRIM.PC.ZS","","","","","","","","","","","","","","","","","","","","","","","","","","","","","","","","","","","","","","","","","","","","","","","","","","","","","","10.00974","","","","","","","","","",
"Cayman Islands","CYM","Government expenditure per student, primary (% of GDP per capita)","SE.XPD.PRIM.PC.ZS","","","","","","","","","","","","","","","","","","","","","","","","","","","","","","","","","","","","","","","","","","","","","","17.08667","17.06149","","","","","","","","","","","","","","","","",
"Cyprus","CYP","Government expenditure per student, primary (% of GDP per capita)","SE.XPD.PRIM.PC.ZS","","","","","","","","","","","","","","","","","","","","","","","","","","","","","","","","","","","","","","","","15.93164","14.92825","17.57393","18.42496","21.29908","19.8443","20.69913","22.12502","23.47126","25.87021","28.88672","30.88","32.1672","","31.53895","32.09534","32.18788","31.88086","","","","","","",
"Czechia","CZE","Government expenditure per student, primary (% of GDP per capita)","SE.XPD.PRIM.PC.ZS","","","","","","","","","","","","","","","","","","","","","","","","","","","","","","","","","","","","","","","9.65775","10.37504","10.55876","10.18336","10.79016","11.69317","11.63192","11.47255","12.37569","11.9492","12.43496","15.05327","14.86288","15.40649","15.70228","15.33593","15.10781","14.94718","13.8679","","","","","","",
"Germany","DEU","Government expenditure per student, primary (% of GDP per capita)","SE.XPD.PRIM.PC.ZS","","","","","","","","","","","","","","","","","","","","","","","","","","","","","","","","","","","","","","","16.4901","","","","","","","","15.60472","15.13138","15.10081","17.1887","17.66182","17.05452","17.32327","17.55396","17.6705","17.50845","17.44257","","","","","","",
"Djibouti","DJI","Government expenditure per student, primary (% of GDP per capita)","SE.XPD.PRIM.PC.ZS","","","","","","","","","","","","","","","","","","","","","","","","","","","","","","","","","","","","","","","41.80603","","","","","","","","21.50894","22.71884","23.11144","","","","","","","","37.32327","","","","","","",
"Dominica","DMA","Government expenditure per student, primary (% of GDP per capita)","SE.XPD.PRIM.PC.ZS","","","","","","","","","","","","","","","","","","","","","","","","","","","","","","","","","","","","","","","","","","","","","","","","13.70551","17.4377","13.60483","15.05707","14.86315","13.50686","","","14.64306","","","","","","","",
"Denmark","DNK","Government expenditure per student, primary (% of GDP per capita)","SE.XPD.PRIM.PC.ZS","","","","","","","","","","","","","","","","","","","","","","","","","","","","","","","","","","","","","","","26.33723","24.05078","23.61791","24.80682","23.97886","","24.20814","24.61318","23.94687","23.82334","24.10346","27.95176","27.88253","21.68502","25.61737","25.37714","25.05246","","","","","","","","",
"Dominican Republic","DOM","Government expenditure per student, primary (% of GDP per capita)","SE.XPD.PRIM.PC.ZS","","","","","","","","","","","","","","","","","","","","","","","","","","","","","","","","","","","","","","","","","","","7.48818","","4.34337","6.43366","","8.2772","6.71813","6.73028","7.05473","6.86943","8.6533","14.41983","14.76884","14.92318","15.80752","14.61223","16.18636","","","","",
"Algeria","DZA","Government expenditure per student, primary (% of GDP per capita)","SE.XPD.PRIM.PC.ZS","","","","","","","","","","","","","","","","","","","","","","","","","","","","","","","","","","","","","","","","12.18372","9.89895","","10.98786","11.47531","","","","","","","","","","","","","","","","","","","",
"East Asia & Pacific (excluding high income)","EAP","Government expenditure per student, primary (% of GDP per capita)","SE.XPD.PRIM.PC.ZS","","","","","","","","","","","","","","","","","","","","","","","","","","","","","","","","","","","","","","","","","","","","","","","","","","14.19945","12.38303","14.92751","11.00235","12.512775","","","","","","","","","",
"Early-demographic dividend","EAR","Government expenditure per student, primary (% of GDP per capita)","SE.XPD.PRIM.PC.ZS","","","","","","","","","","","","","","","","","","","","","","","","","","","","","","","","","","","","","","","","","","","","","","","","","","","","","","","","","","","","","","","",
"East Asia & Pacific","EAS","Government expenditure per student, primary (% of GDP per capita)","SE.XPD.PRIM.PC.ZS","","","","","","","","","","","","","","","","","","","","","","","","","","","","","","","","","","","","","","","","","","","","","","","","","","13.84371","12.39318","","12.83716","15.354445","14.512445","","","","","","","","",
"Europe & Central Asia (excluding high income)","ECA","Government expenditure per student, primary (% of GDP per capita)","SE.XPD.PRIM.PC.ZS","","","","","","","","","","","","","","","","","","","","","","","","","","","","","","","","","","","","","","","","","","","","","","","","","","","","","","","","","","","","","","","",
"Europe & Central Asia","ECS","Government expenditure per student, primary (% of GDP per capita)","SE.XPD.PRIM.PC.ZS","","","","","","","","","","","","","","","","","","","","","","","","","","","","","","","","","","","","","","","","","","","","","","","","20.36261","20.668285","21.82949","22.16611","21.236595","19.70147","22.115675","21.88263","21.589135","20.553325","","","","","","",
"Ecuador","ECU","Government expenditure per student, primary (% of GDP per capita)","SE.XPD.PRIM.PC.ZS","","","","","","","","","","","","","","","","","","","","","","","","","","","","","","","","","","","","","","","","3.82341","2.85831","","","","","","","","","11.11195","10.36507","11.06979","10.71402","11.7664","10.30478","9.43166","9.51098","","","","","","",
"Egypt, Arab Rep.","EGY","Government expenditure per student, primary (% of GDP per capita)","SE.XPD.PRIM.PC.ZS","","","","","","","","","","","","","","","","","","","","","","","","","","","","","","","","","","","","","","","","","","","","","","","","","","","","","","","","","","9.84518","","","","","",
"Euro area","EMU","Government expenditure per student, primary (% of GDP per capita)","SE.XPD.PRIM.PC.ZS","","","","","","","","","","","","","","","","","","","","","","","","","","","","","","","","","","","","","","","17.089975","18.204205","17.52698","18.87409","20.379025","19.05644","18.620425","18.70023","18.172645","19.04052","18.97337","21.27594","21.9884","20.85975","20.41177","21.38818","21.20796","21.6772","20.279965","","","","","","",
"Eritrea","ERI","Government expenditure per student, primary (% of GDP per capita)","SE.XPD.PRIM.PC.ZS","","","","","","","","","","","","","","","","","","","","","","","","","","","","","","","","","","","","","","","","","","8.53737","6.88606","","5.26822","","","","","","","","","","","","","","","","","","",
"Spain","ESP","Government expenditure per student, primary (% of GDP per capita)","SE.XPD.PRIM.PC.ZS","","","","","","","","","","","","","","","","","","","","","","","","","","","","","","","","","","","","","","","16.97009","17.73268","17.22694","17.52693","17.76286","18.16935","18.5236","18.70023","19.01719","19.04052","20.00129","21.27594","21.0723","20.95462","18.2858","17.62613","17.33387","17.27588","17.11832","","","","","","",
"Estonia","EST","Government expenditure per student, primary (% of GDP per capita)","SE.XPD.PRIM.PC.ZS","","","","","","","","","","","","","","","","","","","","","","","","","","","","","","","","","","","","","","18.12812","17.20986","21.01852","","18.23332","19.45395","19.05644","18.71725","19.41023","","19.19181","25.22305","27.1246","24.79584","22.2866","22.53824","25.87764","22.38644","19.99539","20.29085","","","","","","",
"Ethiopia","ETH","Government expenditure per student, primary (% of GDP per capita)","SE.XPD.PRIM.PC.ZS","","","","","","","","","","","","","","","","","","","","","","","","","","","","","","","","","","","","","","18.80715","","","","","","","","","","","","9.1739","7.98136","8.91555","8.44536","","8.50257","7.87686","","","","","","","",
"European Union","EUU","Government expenditure per student, primary (% of GDP per capita)","SE.XPD.PRIM.PC.ZS","","","","","","","","","","","","","","","","","","","","","","","","","","","","","","","","","","","","","","","17.20986","18.204205","18.89933","19.51486","20.603955","19.05644","18.71725","20.05468","21.58024","19.201205","20.70969","21.459055","21.93123","20.76488","20.05662","22.115675","21.20796","20.768525","20.26908","","","","","","",
"Fragile and conflict affected situations","FCS","Government expenditure per student, primary (% of GDP per capita)","SE.XPD.PRIM.PC.ZS","","","","","","","","","","","","","","","","","","","","","","","","","","","","","","","","","","","","","","","","","","","","","","","","","","","","","","","","","","","","","","","",
"Finland","FIN","Government expenditure per student, primary (% of GDP per capita)","SE.XPD.PRIM.PC.ZS","","","","","","","","","","","","","","","","","","","","","","","","","","","","","","","","","","","","","","","","16.81586","16.3202","16.73011","17.20851","17.70462","17.78093","17.21847","17.3281","16.79146","17.70355","19.51865","20.12141","20.22268","20.60201","20.71923","21.13702","21.99535","21.50883","","","","","","",
"Fiji","FJI","Government expenditure per student, primary (% of GDP per capita)","SE.XPD.PRIM.PC.ZS","","","","","","","","","","","","","","","","","","","","","","","","","","","","","","","","","","","","","","","","","","","","","17.37067","","","","","","","15.78444","","12.35277","","","","","","","","","",
"France","FRA","Government expenditure per student, primary (% of GDP per capita)","SE.XPD.PRIM.PC.ZS","","","","","","","","","","","","","","","","","","","","","","","","","","","","","","","","","","","","","","","","17.48975","17.52698","","","17.74476","17.95336","17.54639","17.2182","17.83394","17.5281","17.99072","18.15487","17.91099","17.49746","17.71386","17.68894","17.53958","17.3647","","","","","","",
"Faroe Islands","FRO","Government expenditure per student, primary (% of GDP per capita)","SE.XPD.PRIM.PC.ZS","","","","","","","","","","","","","","","","","","","","","","","","","","","","","","","","","","","","","","","","","","","","","","","","","","","","","","","","","","","","","","","",
"Micronesia, Fed. Sts.","FSM","Government expenditure per student, primary (% of GDP per capita)","SE.XPD.PRIM.PC.ZS","","","","","","","","","","","","","","","","","","","","","","","","","","","","","","","","","","","","","","","","","","","","","","","","","","","","","","","","","","","","","","","",
"Gabon","GAB","Government expenditure per student, primary (% of GDP per capita)","SE.XPD.PRIM.PC.ZS","","","","","","","","","","","","","","","","","","","","","","","","","","","","","","","","","","","","","","","","","","","","","","","","","","","","4.71526","","","","","","","","","","","",
"United Kingdom","GBR","Government expenditure per student, primary (% of GDP per capita)","SE.XPD.PRIM.PC.ZS","","","","","","","","","","","","","","","","","","","","","","","","","","","","","","","","","","","","","","","12.48974","12.32138","12.72822","13.26629","14.41264","16.29736","15.87519","17.01127","19.733","20.91308","21.33528","22.24086","24.33356","24.67365","","23.14708","23.5778","24.97949","24.17334","","","","","","",
"Georgia","GEO","Government expenditure per student, primary (% of GDP per capita)","SE.XPD.PRIM.PC.ZS","","","","","","","","","","","","","","","","","","","","","","","","","","","","","","","","","","","","","","","","","","","","","","","","","12.99487","","","11.08271","8.84112","","","","","","","","","","",
"Ghana","GHA","Government expenditure per student, primary (% of GDP per capita)","SE.XPD.PRIM.PC.ZS","","","","","","","","","","","","","","","","","","","","","","","","","","","","","","","","","","","","","","","","","","17.96058","","","23.75687","21.80533","13.87324","12.88503","12.94008","11.6387","","24.35381","17.22794","7.27847","6.44452","","","","","","","","",
"Gibraltar","GIB","Government expenditure per student, primary (% of GDP per capita)","SE.XPD.PRIM.PC.ZS","","","","","","","","","","","","","","","","","","","","","","","","","","","","","","","","","","","","","","","","","","","","","","","","","","","","","","","","","","","","","","","",
"Guinea","GIN","Government expenditure per student, primary (% of GDP per capita)","SE.XPD.PRIM.PC.ZS","","","","","","","","","","","","","","","","","","","","","","","","","","","","","","","","","","","","","","","","","","","","","","","","","4.60409","6.59926","6.96047","5.4507","5.31877","6.91242","6.07708","","6.81269","","","","","","",
"Gambia, The","GMB","Government expenditure per student, primary (% of GDP per capita)","SE.XPD.PRIM.PC.ZS","","","","","","","","","","","","","","","","","","","","","","","","","","","","","","","","","","","","","","","","","","5.00942","6.27365","5.48041","4.62527","5.26231","5.88492","6.14774","16.48889","14.41106","21.25962","20.25926","19.1939","7.27309","8.85134","8.47324","","","","","","","",
"Guinea-Bissau","GNB","Government expenditure per student, primary (% of GDP per capita)","SE.XPD.PRIM.PC.ZS","","","","","","","","","","","","","","","","","","","","","","","","","","","","","","","","","","","","","","","","","","","","","","","","","","","4.74635","","","","","","","","","","","","",
"Equatorial Guinea","GNQ","Government expenditure per student, primary (% of GDP per capita)","SE.XPD.PRIM.PC.ZS","","","","","","","","","","","","","","","","","","","","","","","","","","","","","","","","","","","","","","","","","","","","","","","","","","","","","","","","","","","","","","","",
"Greece","GRC","Government expenditure per student, primary (% of GDP per capita)","SE.XPD.PRIM.PC.ZS","","","","","","","","","","","","","","","","","","","","","","","","","","","","","","","","","","","","","","","","","","","","","","","","","","","","","","","","20.20131","20.26908","","","","","","",
"Grenada","GRD","Government expenditure per student, primary (% of GDP per capita)","SE.XPD.PRIM.PC.ZS","","","","","","","","","","","","","","","","","","","","","","","","","","","","","","","","","","","","","","","","","","","","8.92051","","","","","","","","","","","","","","8.17698","","","","","",
"Greenland","GRL","Government expenditure per student, primary (% of GDP per capita)","SE.XPD.PRIM.PC.ZS","","","","","","","","","","","","","","","","","","","","","","","","","","","","","","","","","","","","","","","","","","","","","","","","","","","","","","","","","","","","","","","",
"Guatemala","GTM","Government expenditure per student, primary (% of GDP per capita)","SE.XPD.PRIM.PC.ZS","","","","","","","","","","","","","","","","","","","","","","","","","","","","","","","","","","","","","","","","","6.90485","8.68612","7.6417","","5.57088","5.9466","11.16201","10.53912","10.66501","","8.58592","9.31297","9.8154","9.3497","9.51939","10.06501","11.08353","11.36856","11.88315","","","","",
"Guam","GUM","Government expenditure per student, primary (% of GDP per capita)","SE.XPD.PRIM.PC.ZS","","","","","","","","","","","","","","","","","","","","","","","","","","","","","","","","","","","","","","","","","","","","","","","","","","","","","","","","","","","","","","","",
"Guyana","GUY","Government expenditure per student, primary (% of GDP per capita)","SE.XPD.PRIM.PC.ZS","","","","","","","","","","","","","","","","","","","","","","","","","","","","","","","","","","","","","","","","","","","","18.10317","","","","8.70349","","8.02104","7.98486","7.8071","7.774","","","","","","","","","","",
"High income","HIC","Government expenditure per student, primary (% of GDP per capita)","SE.XPD.PRIM.PC.ZS","","","","","","","","","","","","","","","","","","","","","","","","","","","","","","","","","","","","","","","","","","17.88519","18.608405","18.16935","18.5236","17.92028","19.01719","18.78327","18.37564","19.95478","21.89051","20.332765","20.05662","20.71923","19.90773","19.99539","20.30592","","","","","","",
"Hong Kong SAR, China","HKG","Government expenditure per student, primary (% of GDP per capita)","SE.XPD.PRIM.PC.ZS","","","","","","","","","","","","","","","","","","","","","","","","","","","","","","","","","","","","","","","","","","12.18348","12.62231","13.86127","14.90731","14.36459","13.52402","12.27177","12.37473","13.48292","14.69727","14.72283","14.18967","14.71088","14.9165","14.85107","15.024","14.94539","14.82783","","","","",
"Honduras","HND","Government expenditure per student, primary (% of GDP per capita)","SE.XPD.PRIM.PC.ZS","","","","","","","","","","","","","","","","","","","","","","","","","","","","","","","","","","","","","","","","","","","","","","","","","","","19.93053","","","21.43893","","","","","","","","","",
"Heavily indebted poor countries (HIPC)","HPC","Government expenditure per student, primary (% of GDP per capita)","SE.XPD.PRIM.PC.ZS","","","","","","","","","","","","","","","","","","","","","","","","","","","","","","","","","","","","","","","","","","","","","","","","","","","10.56538","9.91571","10.07795","10.67458","","","","","","","","","",
"Croatia","HRV","Government expenditure per student, primary (% of GDP per capita)","SE.XPD.PRIM.PC.ZS","","","","","","","","","","","","","","","","","","","","","","","","","","","","","","","","","","","","","","","","","","","","","","","","","","","","","","","","","","","","","","","",
"Haiti","HTI","Government expenditure per student, primary (% of GDP per capita)","SE.XPD.PRIM.PC.ZS","","","","","","","","","","","","","","","","","","","","","","","","","","","","","","","","","","","","","","","","","","","","","","","","","","","","","","","","","","","","","","","",
"Hungary","HUN","Government expenditure per student, primary (% of GDP per capita)","SE.XPD.PRIM.PC.ZS","","","","","","","","","","","","","","","","","","","","","","","","","","","","","","","","","","","","","","","17.67519","17.55097","18.89933","19.53701","19.90381","21.37108","22.89192","25.0777","25.06628","24.70849","21.41809","21.56424","21.93123","19.13186","18.73372","22.00597","14.54597","18.67208","19.06479","","","","","","",
"IBRD only","IBD","Government expenditure per student, primary (% of GDP per capita)","SE.XPD.PRIM.PC.ZS","","","","","","","","","","","","","","","","","","","","","","","","","","","","","","","","","","","","","","","","","","","","","","","","","13.70256","","","14.75523","13.90573","","","","","","","","","","",
"IDA & IBRD total","IBT","Government expenditure per student, primary (% of GDP per capita)","SE.XPD.PRIM.PC.ZS","","","","","","","","","","","","","","","","","","","","","","","","","","","","","","","","","","","","","","","","","","","","","","","","","","","","12.12462","11.53084","","","","","","","","","","",
"IDA total","IDA","Government expenditure per student, primary (% of GDP per capita)","SE.XPD.PRIM.PC.ZS","","","","","","","","","","","","","","","","","","","","","","","","","","","","","","","","","","","","","","","","","","","","","","","","","","","","","10.07795","","","","","","","","","","",
"IDA blend","IDB","Government expenditure per student, primary (% of GDP per capita)","SE.XPD.PRIM.PC.ZS","","","","","","","","","","","","","","","","","","","","","","","","","","","","","","","","","","","","","","","","","","","","","","","","","","","","","","","","","","","","","","","",
"Indonesia","IDN","Government expenditure per student, primary (% of GDP per capita)","SE.XPD.PRIM.PC.ZS","","","","","","","","","","","","","","","","","","","","","","","","","","","","","","","","","","","","","","","","","","","","","","","","11.48652","11.36056","13.48797","9.96239","","11.48465","11.92782","12.27912","13.28127","","","","","","","",
"IDA only","IDX","Government expenditure per student, primary (% of GDP per capita)","SE.XPD.PRIM.PC.ZS","","","","","","","","","","","","","","","","","","","","","","","","","","","","","","","","","","","","","","","","","","","","","","","","","","","7.98136","9.23671","10.07795","10.128315","","","","","","","","","",
"Isle of Man","IMN","Government expenditure per student, primary (% of GDP per capita)","SE.XPD.PRIM.PC.ZS","","","","","","","","","","","","","","","","","","","","","","","","","","","","","","","","","","","","","","","","","","","","","","","","","","","","","","","","","","","","","","","",
"India","IND","Government expenditure per student, primary (% of GDP per capita)","SE.XPD.PRIM.PC.ZS","","","","","","","","","","","","","","","","","","","","","","","","","","","","","","","","","","","","","","","","12.18634","14.84075","13.73107","","11.35044","","","","","","7.58993","7.49038","9.0303","9.40785","9.79172","","","","","","","","","",
"Not classified","INX","Government expenditure per student, primary (% of GDP per capita)","SE.XPD.PRIM.PC.ZS","","","","","","","","","","","","","","","","","","","","","","","","","","","","","","","","","","","","","","","","","","","","","","","","","","","","","","","","","","","","","","","",
"Ireland","IRL","Government expenditure per student, primary (% of GDP per capita)","SE.XPD.PRIM.PC.ZS","","","","","","","","","","","","","","","","","","","","","","","","","","","","","","","","","","","","","","","11.20263","10.76528","10.79667","11.39069","11.77405","12.83365","13.58711","13.93964","14.25449","15.27455","18.04957","19.94379","19.21821","18.73773","18.54038","16.66697","15.34303","11.83086","11.84396","","","","","","",
"Iran, Islamic Rep.","IRN","Government expenditure per student, primary (% of GDP per capita)","SE.XPD.PRIM.PC.ZS","","","","","","","","","","","","","","","","","","","","","","","","","","","","","","","","","","","","","","","","","","8.64769","10.29219","10.10739","10.22692","10.11221","14.14696","15.9579","13.58686","12.36298","11.85865","12.31957","10.45483","7.73182","7.74192","7.55314","9.52057","11.11757","","","","","",
"Iraq","IRQ","Government expenditure per student, primary (% of GDP per capita)","SE.XPD.PRIM.PC.ZS","","","","","","","","","","","","","","","","","","","","","","","","","","","","","","","","","","","","","","","","","","","","","","","","","","","","","","","","","","","","","","","",
"Iceland","ISL","Government expenditure per student, primary (% of GDP per capita)","SE.XPD.PRIM.PC.ZS","","","","","","","","","","","","","","","","","","","","","","","","","","","","","","","","","","","","","","","","21.40274","21.45009","20.81703","24.21531","23.27294","23.44304","24.83495","25.25052","24.8153","25.15501","24.98791","24.3018","24.88264","23.35429","23.30171","24.10316","22.79978","22.10298","","","","","","",
"Israel","ISR","Government expenditure per student, primary (% of GDP per capita)","SE.XPD.PRIM.PC.ZS","","","","","","","","","","","","","","","","","","","","","","","","","","","","","","","","","","","","","","","","21.16459","20.16","21.85139","22.45484","21.74141","20.92211","20.75145","20.58486","19.782","19.92081","19.96577","21.54325","22.40658","20.73424","20.8717","20.69993","21.34266","21.53058","","","","","","",
"Italy","ITA","Government expenditure per student, primary (% of GDP per capita)","SE.XPD.PRIM.PC.ZS","","","","","","","","","","","","","","","","","","","","","","","","","","","","","","","","","","","","","","","22.20491","23.11314","22.28217","22.79092","23.48252","24.09947","23.63853","21.84876","23.6925","21.40784","23.09172","23.94258","22.83465","21.51857","20.41177","21.38818","21.20796","21.73441","19.52238","","","","","","",
"Jamaica","JAM","Government expenditure per student, primary (% of GDP per capita)","SE.XPD.PRIM.PC.ZS","","","","","","","","","","","","","","","","","","","","","","","","","","","","","","","","","","","","","","","","","","","","12.83743","10.44276","13.1913","","17.99525","16.43938","18.33706","21.98013","21.56639","22.68455","23.1628","23.52822","22.17824","21.77293","23.44592","21.68464","","","","",
"Jordan","JOR","Government expenditure per student, primary (% of GDP per capita)","SE.XPD.PRIM.PC.ZS","","","","","","","","","","","","","","","","","","","","","","","","","","","","","","","","","","","","","","","14.41569","14.6789","","","15.1644","16.59573","15.34123","16.44838","13.89944","13.88748","13.82978","","","15.14867","","","","","14.87272","13.53875","13.30793","","","","",
"Japan","JPN","Government expenditure per student, primary (% of GDP per capita)","SE.XPD.PRIM.PC.ZS","","","","","","","","","","","","","","","","","","","","","","","","","","","","","","","","","","","","","","","","","","","","","","","","","","","","","","22.97133","22.54562","","21.78104","","","","","","",
"Kazakhstan","KAZ","Government expenditure per student, primary (% of GDP per capita)","SE.XPD.PRIM.PC.ZS","","","","","","","","","","","","","","","","","","","","","","","","","","","","","","","","","","","","","","","","","","","","","","","","","","","","","","","","","","0.26455","0.23507","","","","",
"Kenya","KEN","Government expenditure per student, primary (% of GDP per capita)","SE.XPD.PRIM.PC.ZS","","","","","","","","","","","","","","","","","","","","","","","","","","","","","","","","","","","","","","","","","21.81294","21.36094","","23.74441","24.70719","","22.89785","","","","","","10.09882","","10.63254","10.95105","","","","","","","",
"Kyrgyz Republic","KGZ","Government expenditure per student, primary (% of GDP per capita)","SE.XPD.PRIM.PC.ZS","","","","","","","","","","","","","","","","","","","","","","","","","","","","","","","","","","","","","","","","","","","","","","","","","","","","","","","","","","","","","","","",
"Cambodia","KHM","Government expenditure per student, primary (% of GDP per capita)","SE.XPD.PRIM.PC.ZS","","","","","","","","","","","","","","","","","","","","","","","","","","","","","","","","","","","","","","","5.0387","","5.60921","6.53504","5.11723","","","","","","","5.23165","4.82626","4.88275","5.17677","6.88314","6.63865","","","","","","","","",
"Kiribati","KIR","Government expenditure per student, primary (% of GDP per capita)","SE.XPD.PRIM.PC.ZS","","","","","","","","","","","","","","","","","","","","","","","","","","","","","","","","","","","","","","","","27.09761","25.27998","22.51705","","","","","","","","","","","","","","","","","","","","","",
"St. Kitts and Nevis","KNA","Government expenditure per student, primary (% of GDP per capita)","SE.XPD.PRIM.PC.ZS","","","","","","","","","","","","","","","","","","","","","","","","","","","","","","","","","","","","","","","13.40811","","","","","","","","","","","","","","","","","5.22032","","","","","","","",
"Korea, Rep.","KOR","Government expenditure per student, primary (% of GDP per capita)","SE.XPD.PRIM.PC.ZS","","","","","","","","","","","","","","","","","","","","","","","","","","","","","","","","","","","","","","","16.44121","16.90531","","","","","","","","","","","","","","","","","27.84732","","","","","","",
"Kuwait","KWT","Government expenditure per student, primary (% of GDP per capita)","SE.XPD.PRIM.PC.ZS","","","","","","","","","","","","","","","","","","","","","","","","","","","","","","","","","","","","","","43.39998","","","","17.88519","17.39744","16.87567","14.22543","10.19451","8.56655","","10.23347","","","17.42814","","","14.37769","","","","","","","","",
"Latin America & Caribbean (excluding high income)","LAC","Government expenditure per student, primary (% of GDP per capita)","SE.XPD.PRIM.PC.ZS","","","","","","","","","","","","","","","","","","","","","","","","","","","","","","","","","","","","","","","","10.62585","10.79037","11.37896","10.27775","","10.22297","10.53523","","12.53787","13.52084","15.144145","13.68048","14.04204","12.71648","14.400335","14.38654","14.92318","15.2222","","","","","","",
"Lao PDR","LAO","Government expenditure per student, primary (% of GDP per capita)","SE.XPD.PRIM.PC.ZS","","","","","","","","","","","","","","","","","","","","","","","","","","","","","","","","","","","","","","5.75385","","","","","8.1949","","","9.74683","","","","4.36158","5.41822","4.328","5.78487","9.9565","9.10321","","","","","","","","",
"Lebanon","LBN","Government expenditure per student, primary (% of GDP per capita)","SE.XPD.PRIM.PC.ZS","","","","","","","","","","","","","","","","","","","","","","","","","","","","","","","","","","","","","","","","","","","","","","","","","","","","","","","","","","","","","","","",
"Liberia","LBR","Government expenditure per student, primary (% of GDP per capita)","SE.XPD.PRIM.PC.ZS","","","","","","","","","","","","","","","","","","","","","","","","","","","","","","","","","","","","","","","","","","","","","","","","","","","","","","","","3.94327","14.49935","","","","","","",
"Libya","LBY","Government expenditure per student, primary (% of GDP per capita)","SE.XPD.PRIM.PC.ZS","","","","","","","","","","","","","","","","","","","","","","","","","","","","","","","","","","","","","","","","","","","","","","","","","","","","","","","","","","","","","","","",
"St. Lucia","LCA","Government expenditure per student, primary (% of GDP per capita)","SE.XPD.PRIM.PC.ZS","","","","","","","","","","","","","","","","","","","","","","","","","","","","","","","","","","","","","","","","22.53785","","","","12.18635","12.31904","","","","","12.35026","14.26616","14.86161","13.90254","15.90101","15.92156","15.94346","16.48968","15.91189","14.70984","","","","",
"Latin America & Caribbean","LCN","Government expenditure per student, primary (% of GDP per capita)","SE.XPD.PRIM.PC.ZS","","","","","","","","","","","","","","","","","","","","","","","","","","","","","","","","","","","","","","","","","10.79037","10.868015","10.422135","","10.00318","10.53523","","11.567695","13.52084","15.48542","13.944935","13.039845","13.90573","15.10375","14.38654","15.18748","15.2222","","","","","","",
"Least developed countries: UN classification","LDC","Government expenditure per student, primary (% of GDP per capita)","SE.XPD.PRIM.PC.ZS","","","","","","","","","","","","","","","","","","","","","","","","","","","","","","","","","","","","","","","","","","","","","","","","","","","7.813115","8.91555","8.614915","9.9565","","","","","","","","","",
"Low income","LIC","Government expenditure per student, primary (% of GDP per capita)","SE.XPD.PRIM.PC.ZS","","","","","","","","","","","","","","","","","","","","","","","","","","","","","","","","","","","","","","","","","","","","","","","","","","","7.64487","9.75513","10.07795","10.30013","","","","","","","","","",
"Liechtenstein","LIE","Government expenditure per student, primary (% of GDP per capita)","SE.XPD.PRIM.PC.ZS","","","","","","","","","","","","","","","","","","","","","","","","","","","","","","","","","","","","","","","","","","","","11.094","10.72946","","9.91879","9.2166","10.45928","","20.91567","17.78872","","","","","","","","","","","",
"Sri Lanka","LKA","Government expenditure per student, primary (% of GDP per capita)","SE.XPD.PRIM.PC.ZS","","","","","","","","","","","","","","","","","","","","","","","","","","","","","","","","","","","","","","","","","","","","","","","","","","7.23111","5.06586","5.14725","4.16777","4.34115","6.47661","7.43956","14.4145","11.39277","7.91881","","","","",
"Lower middle income","LMC","Government expenditure per student, primary (% of GDP per capita)","SE.XPD.PRIM.PC.ZS","","","","","","","","","","","","","","","","","","","","","","","","","","","","","","","","","","","","","","","","","","","","","","","","","","","","","","","","","","","","","","","",
"Low & middle income","LMY","Government expenditure per student, primary (% of GDP per capita)","SE.XPD.PRIM.PC.ZS","","","","","","","","","","","","","","","","","","","","","","","","","","","","","","","","","","","","","","","","","","","","","","","","","","","11.68812","12.21159","11.52723","","","","","","","","","","",
"Lesotho","LSO","Government expenditure per student, primary (% of GDP per capita)","SE.XPD.PRIM.PC.ZS","","","","","","","","","","","","","","","","","","","","","","","","","","","","","","","","","","","","","","21.79617","","33.54062","27.16386","24.66973","","","","24.42134","21.37825","","21.55378","","","","","","","","","","20.7122","","","","",
"Late-demographic dividend","LTE","Government expenditure per student, primary (% of GDP per capita)","SE.XPD.PRIM.PC.ZS","","","","","","","","","","","","","","","","","","","","","","","","","","","","","","","","","","","","","","","","","","","","","13.777375","","","","17.43237","18.29449","19.59413","18.03287","18.54038","19.49905","","20.025175","","","","","","","",
"Lithuania","LTU","Government expenditure per student, primary (% of GDP per capita)","SE.XPD.PRIM.PC.ZS","","","","","","","","","","","","","","","","","","","","","","","","","","","","","","","","","","","","","","","","","","","","14.06213","14.67982","15.27649","15.76539","14.89709","16.99215","17.6682","22.40099","20.44285","19.70147","19.15043","18.47169","18.59952","19.49595","","","","","","",
"Luxembourg","LUX","Government expenditure per student, primary (% of GDP per capita)","SE.XPD.PRIM.PC.ZS","","","","","","","","","","","","","","","","","","","","","","","","","","","","","","","","","","","","","","","","","","","","","","","","","15.30209","","24.25985","24.55558","20.95312","19.57115","19.45288","19.6895","","","","","","","",
"Latvia","LVA","Government expenditure per student, primary (% of GDP per capita)","SE.XPD.PRIM.PC.ZS","","","","","","","","","","","","","","","","","","","","","","","","","","","","","","","","","","","","","","","17.90055","18.86803","19.39073","19.51486","21.3041","19.25544","19.35567","","33.63857","20.95946","26.80057","29.45496","26.70617","24.71599","33.09911","36.91353","27.32363","26.76693","24.50426","","","","","","",
"Macao SAR, China","MAC","Government expenditure per student, primary (% of GDP per capita)","SE.XPD.PRIM.PC.ZS","","","","","","","","","","","","","","","","","","","","","","","","","","","","","","","","","","","","","","","","","7.50107","","6.37981","7.6155","","","","","","","","","","","","","","","","","","","",
"St. Martin (French part)","MAF","Government expenditure per student, primary (% of GDP per capita)","SE.XPD.PRIM.PC.ZS","","","","","","","","","","","","","","","","","","","","","","","","","","","","","","","","","","","","","","","","","","","","","","","","","","","","","","","","","","","","","","","",
"Morocco","MAR","Government expenditure per student, primary (% of GDP per capita)","SE.XPD.PRIM.PC.ZS","","","","","","","","","","","","","","","","","","","","","","","","","","","","","","","","","","","","","","","18.07312","16.62044","17.25767","16.11648","16.33624","15.88767","15.96441","19.46297","16.66502","13.88722","15.66367","16.69886","17.88267","18.03287","18.9148","19.49905","","","","","","","","","",
"Monaco","MCO","Government expenditure per student, primary (% of GDP per capita)","SE.XPD.PRIM.PC.ZS","","","","","","","","","","","","","","","","","","","","","","","","","","","","","","","","","","","","","","3.02762","3.28531","3.24423","3.16599","","","","3.5027","","","","","3.90977","3.93134","3.86803","3.76884","3.6851","3.48192","","3.31307","","","","","","",
"Moldova","MDA","Government expenditure per student, primary (% of GDP per capita)","SE.XPD.PRIM.PC.ZS","","","","","","","","","","","","","","","","","","","","","","","","","","","","","","","","","","","","","","","","","","","","","","","","31.61991","33.63929","41.71911","34.51114","34.62075","32.88183","","36.5398","34.82502","32.54519","32.53601","32.53494","","","","",
"Madagascar","MDG","Government expenditure per student, primary (% of GDP per capita)","SE.XPD.PRIM.PC.ZS","","","","","","","","","","","","","","","","","","","","","","","","","","","","","","","","","","","","","","","5.90268","","","","","","","11.23959","9.82751","9.33509","7.75504","7.90264","","6.61123","6.56652","","","","","","","","","","",
"Maldives","MDV","Government expenditure per student, primary (% of GDP per capita)","SE.XPD.PRIM.PC.ZS","","","","","","","","","","","","","","","","","","","","","","","","","","","","","","","","","","","","","","","","","","","","13.18261","12.40768","14.99707","13.98258","","16.41989","19.82613","15.19084","14.57279","15.50869","16.20514","15.17783","18.69794","16.07814","","","","","","",
"Middle East & North Africa","MEA","Government expenditure per student, primary (% of GDP per capita)","SE.XPD.PRIM.PC.ZS","","","","","","","","","","","","","","","","","","","","","","","","","","","","","","","","","","","","","","","","","","","14.92784","","","","","","","","","","","","","","","","","","","","",
"Mexico","MEX","Government expenditure per student, primary (% of GDP per capita)","SE.XPD.PRIM.PC.ZS","","","","","","","","","","","","","","","","","","","","","","","","","","","","","","","","","","","","","","","7.81185","9.4617","10.79037","11.37896","11.95263","13.82544","13.36951","13.65558","13.44618","13.38607","13.52084","14.21869","14.20939","14.04204","13.90573","14.2666","14.25357","14.4207","13.78185","","","","","","",
"Marshall Islands","MHL","Government expenditure per student, primary (% of GDP per capita)","SE.XPD.PRIM.PC.ZS","","","","","","","","","","","","","","","","","","","","","","","","","","","","","","","","","","","","","","","","","","","23.57597","","","","","","","","","","","","","","","","","","","","",
"Middle income","MIC","Government expenditure per student, primary (% of GDP per capita)","SE.XPD.PRIM.PC.ZS","","","","","","","","","","","","","","","","","","","","","","","","","","","","","","","","","","","","","","","","","","","","","","","","","","","","","","","","","","","","","","","",
"North Macedonia","MKD","Government expenditure per student, primary (% of GDP per capita)","SE.XPD.PRIM.PC.ZS","","","","","","","","","","","","","","","","","","","","","","","","","","","","","","","","","","","","","","","","","","","","","","","","","","","","","","","","","","","","","","","",
"Mali","MLI","Government expenditure per student, primary (% of GDP per capita)","SE.XPD.PRIM.PC.ZS","","","","","","","","","","","","","","","","","","","","","","","","","","","","","","","","","","","","","","","14.22415","11.07525","","","","","","","","","10.33353","12.8986","6.30255","10.59471","10.07795","10.30013","12.23003","13.43451","9.34227","12.3362","","","","","",
"Malta","MLT","Government expenditure per student, primary (% of GDP per capita)","SE.XPD.PRIM.PC.ZS","","","","","","","","","","","","","","","","","","","","","","","","","","","","","","","","","","","","","","","11.01968","","","","11.96072","","12.15758","","","19.05637","19.68954","19.00066","23.18217","19.93646","26.36405","28.51388","27.11666","22.83451","","","","","","","",
"Myanmar","MMR","Government expenditure per student, primary (% of GDP per capita)","SE.XPD.PRIM.PC.ZS","","","","","","","","","","","","","","","","","","","","","","","","","","","","","","","","","","","","","","","","","","","","","","","","","","","","","","","","","","7.66681","7.81464","","","","",
"Middle East & North Africa (excluding high income)","MNA","Government expenditure per student, primary (% of GDP per capita)","SE.XPD.PRIM.PC.ZS","","","","","","","","","","","","","","","","","","","","","","","","","","","","","","","","","","","","","","","","","","","13.670685","","","","","","","","","","","","","","","","","","","","",
"Montenegro","MNE","Government expenditure per student, primary (% of GDP per capita)","SE.XPD.PRIM.PC.ZS","","","","","","","","","","","","","","","","","","","","","","","","","","","","","","","","","","","","","","","","","","","","","","","","","","","","","","","","","","","","","","","",
"Mongolia","MNG","Government expenditure per student, primary (% of GDP per capita)","SE.XPD.PRIM.PC.ZS","","","","","","","","","","","","","","","","","","","","","","","","","","","","","","","","","","","","","","","","","","","","","11.48349","","","13.58282","","14.9102","12.40333","15.73539","10.52005","13.09773","14.10839","13.1827","16.58952","14.10634","","","","","",
"Northern Mariana Islands","MNP","Government expenditure per student, primary (% of GDP per capita)","SE.XPD.PRIM.PC.ZS","","","","","","","","","","","","","","","","","","","","","","","","","","","","","","","","","","","","","","","","","","","","","","","","","","","","","","","","","","","","","","","",
"Mozambique","MOZ","Government expenditure per student, primary (% of GDP per capita)","SE.XPD.PRIM.PC.ZS","","","","","","","","","","","","","","","","","","","","","","","","","","","","","","","","","","","","","","","","","","","","","","","12.47105","","","","","","14.6371","14.6503","","","","","","","","","",
"Mauritania","MRT","Government expenditure per student, primary (% of GDP per capita)","SE.XPD.PRIM.PC.ZS","","","","","","","","","","","","","","","","","","","","","","","","","","","","","","","","","","","","","","10.05923","","9.80776","","","","","","8.36929","","","10.53936","","11.26867","9.23671","8.78447","8.51612","","9.59914","10.18348","","","","","","",
"Mauritius","MUS","Government expenditure per student, primary (% of GDP per capita)","SE.XPD.PRIM.PC.ZS","","","","","","","","","","","","","","","","","","","","","","","","","","","","","","","","","","","","","","","","","","9.14667","8.44093","12.88778","12.41251","10.94748","9.81908","","9.05857","8.50587","10.19572","9.74477","9.97864","11.45965","13.33654","12.51795","14.08182","15.73389","15.56837","","","","",
"Malawi","MWI","Government expenditure per student, primary (% of GDP per capita)","SE.XPD.PRIM.PC.ZS","","","","","","","","","","","","","","","","","","","","","","","","","","","","","","","","","","","","","","","","13.32263","11.16389","7.98872","","","","","","","","","5.0869","5.86816","","7.75208","9.25883","9.55053","8.15872","","","","","","",
"Malaysia","MYS","Government expenditure per student, primary (% of GDP per capita)","SE.XPD.PRIM.PC.ZS","","","","","","","","","","","","","","","","","","","","","","","","","","","","","","","","","","","","","","","","","12.43549","16.26364","19.21435","17.75156","13.96764","","10.12201","10.8171","13.05772","14.19945","12.38303","14.92751","17.28464","15.99801","15.79552","16.07894","16.12796","16.13708","","","","","",
"North America","NAC","Government expenditure per student, primary (% of GDP per capita)","SE.XPD.PRIM.PC.ZS","","","","","","","","","","","","","","","","","","","","","","","","","","","","","","","","","","","","","","","","","","","","","","","","","","","22.05341","20.85277","20.5226","19.71867","19.7888","18.664005","19.85908","","","","","","",
"Namibia","NAM","Government expenditure per student, primary (% of GDP per capita)","SE.XPD.PRIM.PC.ZS","","","","","","","","","","","","","","","","","","","","","","","","","","","","","","","","","","","","","","","","18.90874","18.9153","19.09174","19.00803","18.12045","","13.2024","17.97126","","15.12292","","17.08606","","","","","","","","","","","","",
"New Caledonia","NCL","Government expenditure per student, primary (% of GDP per capita)","SE.XPD.PRIM.PC.ZS","","","","","","","","","","","","","","","","","","","","","","","","","","","","","","","","","","","","","","","","","","","","","","","","","","","","","","","","","","","","","","","",
"Niger","NER","Government expenditure per student, primary (% of GDP per capita)","SE.XPD.PRIM.PC.ZS","","","","","","","","","","","","","","","","","","","","","","","","","","","","","","","","","","","","","","","","","","","","25.73074","","","29.09842","33.51302","28.00896","29.3888","21.70959","21.24614","19.50637","22.37595","29.66632","22.53418","16.47221","13.30223","","","","","",
"Nigeria","NGA","Government expenditure per student, primary (% of GDP per capita)","SE.XPD.PRIM.PC.ZS","","","","","","","","","","","","","","","","","","","","","","","","","","","","","","","","","","","","","","","","","","","","","","","","","","","","","","","","","","","","","","","",
"Nicaragua","NIC","Government expenditure per student, primary (% of GDP per capita)","SE.XPD.PRIM.PC.ZS","","","","","","","","","","","","","","","","","","","","","","","","","","","","","","","","","","","","","","","","","","","","","6.82292","7.65521","7.68605","","","","11.25575","","","","","","","","","","","","",
"Netherlands","NLD","Government expenditure per student, primary (% of GDP per capita)","SE.XPD.PRIM.PC.ZS","","","","","","","","","","","","","","","","","","","","","","","","","","","","","","","","","","","","","","","14.13504","","","","","","","","","","","","","","","","","16.84558","16.66924","","","","","","",
"Norway","NOR","Government expenditure per student, primary (% of GDP per capita)","SE.XPD.PRIM.PC.ZS","","","","","","","","","","","","","","","","","","","","","","","","","","","","","","","","","","","","","","37.94443","21.38928","","","","20.02783","20.84973","19.58362","18.49543","17.75926","17.85465","17.57616","20.91804","20.7242","19.57995","19.2561","19.93863","19.93082","21.50107","21.70425","","","","","","",
"Nepal","NPL","Government expenditure per student, primary (% of GDP per capita)","SE.XPD.PRIM.PC.ZS","","","","","","","","","","","","","","","","","","","","","","","","","","","","","","","","","","","","","","","","8.98008","10.18187","13.56601","11.79508","11.06862","","","","","14.17214","16.37681","11.09709","11.42569","11.53445","11.22594","13.05722","12.35956","","","","","","","",
"Nauru","NRU","Government expenditure per student, primary (% of GDP per capita)","SE.XPD.PRIM.PC.ZS","","","","","","","","","","","","","","","","","","","","","","","","","","","","","","","","","","","","","","","","","","","","","","","","","","","","","","","","","","","","","","","",
"New Zealand","NZL","Government expenditure per student, primary (% of GDP per capita)","SE.XPD.PRIM.PC.ZS","","","","","","","","","","","","","","","","","","","","","","","","","","","","","","","","","","","","","","17.44218","","","","","","","","","","","","","","","","19.41374","18.17504","18.34146","20.32099","","","","","","",
"OECD members","OED","Government expenditure per student, primary (% of GDP per capita)","SE.XPD.PRIM.PC.ZS","","","","","","","","","","","","","","","","","","","","","","","","","","","","","","","","","","","","","","","16.97009","17.55097","17.22694","18.87409","19.96582","19.15594","18.620425","18.49543","18.388225","18.447585","18.34378","21.061905","21.91087","20.808825","20.05662","20.795465","20.315375","19.99539","20.29085","","","","","","",
"Oman","OMN","Government expenditure per student, primary (% of GDP per capita)","SE.XPD.PRIM.PC.ZS","","","","","","","","","","","","","","","","","","","","","","","","","","","","","","","","","","","","","","9.9098","11.54239","10.71111","","11.04585","14.92784","","","14.30091","","","","13.1414","","15.62354","","","","","31.77481","","","","","","",
"Other small states","OSS","Government expenditure per student, primary (% of GDP per capita)","SE.XPD.PRIM.PC.ZS","","","","","","","","","","","","","","","","","","","","","","","","","","","","","","","","","","","","","","","","","","13.689995","8.44093","15.504115","12.41251","15.213845","14.92879","","16.48889","","17.08606","14.74651","","","13.33654","","","","","","","","",
"Pakistan","PAK","Government expenditure per student, primary (% of GDP per capita)","SE.XPD.PRIM.PC.ZS","","","","","","","","","","","","","","","","","","","","","","","","","","","","","","","","","","","","","","","","","","","","","","","","","","","","","","8.40863","8.52796","8.09756","","","","","","","",
"Panama","PAN","Government expenditure per student, primary (% of GDP per capita)","SE.XPD.PRIM.PC.ZS","","","","","","","","","","","","","","","","","","","","","","","","","","","","","","","","","","","","","","","","13.26482","13.55134","10.38052","10.08778","","9.39577","","","11.9181","","","","6.25014","","","","","","","","","","","",
"Peru","PER","Government expenditure per student, primary (% of GDP per capita)","SE.XPD.PRIM.PC.ZS","","","","","","","","","","","","","","","","","","","","","","","","","","","","","","","","","","","","","","","7.88182","8.53039","8.24191","7.34666","6.6149","6.88294","7.35782","6.90613","7.48823","7.6265","8.60098","9.63857","8.81718","8.24434","9.07666","10.99138","12.22761","12.56451","11.48576","11.69517","11.22288","","","","",
"Philippines","PHL","Government expenditure per student, primary (% of GDP per capita)","SE.XPD.PRIM.PC.ZS","","","","","","","","","","","","","","","","","","","","","","","","","","","","","","","","","","","","","","12.48937","","","12.0753","11.36434","10.81386","11.47354","9.0319","8.37287","","8.73217","9.0567","","","","","","","","","","","","","","",
"Palau","PLW","Government expenditure per student, primary (% of GDP per capita)","SE.XPD.PRIM.PC.ZS","","","","","","","","","","","","","","","","","","","","","","","","","","","","","","","","","","","","","","","","","","","","","","","","","","","","","","","","","","","","","","","",
"Papua New Guinea","PNG","Government expenditure per student, primary (% of GDP per capita)","SE.XPD.PRIM.PC.ZS","","","","","","","","","","","","","","","","","","","","","","","","","","","","","","","","","","","","","","","","","","","","","","","","","","","","","","","","","","","","","","","",
"Poland","POL","Government expenditure per student, primary (% of GDP per capita)","SE.XPD.PRIM.PC.ZS","","","","","","","","","","","","","","","","","","","","","","","","","","","","","","","","","","","","","","","","","","","22.4031","22.79374","22.56997","23.53902","24.82351","24.114","25.11956","25.75358","26.77388","25.70863","25.82864","26.41847","25.9964","23.84992","23.08263","","","","","","",
"Pre-demographic dividend","PRE","Government expenditure per student, primary (% of GDP per capita)","SE.XPD.PRIM.PC.ZS","","","","","","","","","","","","","","","","","","","","","","","","","","","","","","","","","","","","","","","","","","","","","","","","","","","10.56538","9.23671","10.088385","10.67458","","","","","","","","","",
"Puerto Rico","PRI","Government expenditure per student, primary (% of GDP per capita)","SE.XPD.PRIM.PC.ZS","","","","","","","","","","","","","","","","","","","","","","","","","","","","","","","","","","","","","","","","","","","","","","","","","","","","","","19.32814","18.54029","","","","","","","","",
"Korea, Dem. People's Rep.","PRK","Government expenditure per student, primary (% of GDP per capita)","SE.XPD.PRIM.PC.ZS","","","","","","","","","","","","","","","","","","","","","","","","","","","","","","","","","","","","","","","","","","","","","","","","","","","","","","","","","","","","","","","",
"Portugal","PRT","Government expenditure per student, primary (% of GDP per capita)","SE.XPD.PRIM.PC.ZS","","","","","","","","","","","","","","","","","","","","","","","","","","","","","","","","","","","","","","","","18.67573","19.60965","20.90474","22.03138","21.84028","21.78473","21.67935","20.76202","19.2106","18.97337","21.35387","21.00495","20.76488","20.89649","23.85649","23.83291","22.50957","","","","","","","",
"Paraguay","PRY","Government expenditure per student, primary (% of GDP per capita)","SE.XPD.PRIM.PC.ZS","","","","","","","","","","","","","","","","","","","","","","","","","","","","","","","","","","","","","","","","","10.81172","10.17672","9.17988","9.45778","8.23651","","","7.20452","","","7.94887","8.63235","10.74841","","","","11.67423","","","","","","",
"West Bank and Gaza","PSE","Government expenditure per student, primary (% of GDP per capita)","SE.XPD.PRIM.PC.ZS","","","","","","","","","","","","","","","","","","","","","","","","","","","","","","","","","","","","","","","","","","","","","","","","","","","","","","","","","","","","","","","",
"Pacific island small states","PSS","Government expenditure per student, primary (% of GDP per capita)","SE.XPD.PRIM.PC.ZS","","","","","","","","","","","","","","","","","","","","","","","","","","","","","","","","","","","","","","","","","","","","","","","","","","","","","","","","","","","","","","","",
"Post-demographic dividend","PST","Government expenditure per student, primary (% of GDP per capita)","SE.XPD.PRIM.PC.ZS","","","","","","","","","","","","","","","","","","","","","","","","","","","","","","","","","","","","","","","","","","","","","19.58362","20.18979","19.733","19.2106","18.80568","21.314905","21.91087","20.76488","20.05662","21.697075","21.13702","19.76064","20.295035","","","","","","",
"French Polynesia","PYF","Government expenditure per student, primary (% of GDP per capita)","SE.XPD.PRIM.PC.ZS","","","","","","","","","","","","","","","","","","","","","","","","","","","","","","","","","","","","","","","","","","","","","","","","","","","","","","","","","","","","","","","",
"Qatar","QAT","Government expenditure per student, primary (% of GDP per capita)","SE.XPD.PRIM.PC.ZS","","","","","","","","","","","","","","","","","","","","","","","","","","","","","","","","","","","","","","","","","","","","","","","","","","10.21809","","","","","","","","","","","","","",
"Romania","ROU","Government expenditure per student, primary (% of GDP per capita)","SE.XPD.PRIM.PC.ZS","","","","","","","","","","","","","","","","","","","","","","","","","","","","","","","","","","","","","","","","","","","","12.27658","9.86897","10.5907","36.22043","18.78327","18.37564","17.54821","13.78714","11.79305","11.08503","10.62756","9.01498","8.65312","7.82649","","","","","","",
"Russian Federation","RUS","Government expenditure per student, primary (% of GDP per capita)","SE.XPD.PRIM.PC.ZS","","","","","","","","","","","","","","","","","","","","","","","","","","","","","","","","","","","","","","","","","","","","","","","","","","","","","","","","","","","","","","","",
"Rwanda","RWA","Government expenditure per student, primary (% of GDP per capita)","SE.XPD.PRIM.PC.ZS","","","","","","","","","","","","","","","","","","","","","","","","","","","","","","","","","","","","","","","","","10.45708","","","","","8.09966","","8.49158","7.38939","","7.64487","6.33984","7.22609","6.54429","","5.54209","5.47035","","4.25557","","","","",
"South Asia","SAS","Government expenditure per student, primary (% of GDP per capita)","SE.XPD.PRIM.PC.ZS","","","","","","","","","","","","","","","","","","","","","","","","","","","","","","","","","","","","","","","","","","","","","","","","","","7.57923","9.293735","10.227995","8.86259","9.79172","10.125075","9.17222","","","","","","","",
"Saudi Arabia","SAU","Government expenditure per student, primary (% of GDP per capita)","SE.XPD.PRIM.PC.ZS","","","","","","","","","","","","","","","","","","","","","","","","","","","","","","","","","","","","","","","","","","","","","","","","17.66133","","","","","","","","","","","","","","","",
"Sudan","SDN","Government expenditure per student, primary (% of GDP per capita)","SE.XPD.PRIM.PC.ZS","","","","","","","","","","","","","","","","","","","","","","","","","","","","","","","","","","","","","","","","","","","","","","","","","","","","","","","","","","","","","","","",
"Senegal","SEN","Government expenditure per student, primary (% of GDP per capita)","SE.XPD.PRIM.PC.ZS","","","","","","","","","","","","","","","","","","","","","","","","","","","","","","","","","","","","","","","9.18104","","","","","","","13.02792","13.19144","","13.28715","17.27722","16.7507","14.63009","14.49724","15.07399","14.66828","13.74234","11.80185","","10.90433","","","","",
"Singapore","SGP","Government expenditure per student, primary (% of GDP per capita)","SE.XPD.PRIM.PC.ZS","","","","","","","","","","","","","","","","","","","","","","","","","","","","","","","","","","","","","","","","","","","","","","","","","9.46673","10.50974","10.86314","","","","","","","17.51811","","","","","",
"Solomon Islands","SLB","Government expenditure per student, primary (% of GDP per capita)","SE.XPD.PRIM.PC.ZS","","","","","","","","","","","","","","","","","","","","","","","","","","","","","","","","","","","","","","","","","","","","","","","","","","","","","","","","","","","","","","","",
"Sierra Leone","SLE","Government expenditure per student, primary (% of GDP per capita)","SE.XPD.PRIM.PC.ZS","","","","","","","","","","","","","","","","","","","","","","","","","","","","","","","","","","","","","","","","","","","","","","","","","","","","7.70711","7.625","6.14009","","","5.66124","4.75965","12.36935","","","","",
"El Salvador","SLV","Government expenditure per student, primary (% of GDP per capita)","SE.XPD.PRIM.PC.ZS","","","","","","","","","","","","","","","","","","","","","","","","","","","","","","","","","","","","","","","9.28548","9.34236","9.41027","","11.46851","10.57389","","9.38201","9.93257","9.51253","10.45021","","11.36629","","11.52723","12.46292","13.16348","13.55766","16.15496","16.03698","16.10453","","","","",
"San Marino","SMR","Government expenditure per student, primary (% of GDP per capita)","SE.XPD.PRIM.PC.ZS","","","","","","","","","","","","","","","","","","","","","","","","","","","","","","","","","","","","","","","","","","","","","","","","","","","14.49764","16.08418","","","","","","","","","","","",
"Somalia","SOM","Government expenditure per student, primary (% of GDP per capita)","SE.XPD.PRIM.PC.ZS","","","","","","","","","","","","","","","","","","","","","","","","","","","","","","","","","","","","","","","","","","","","","","","","","","","","","","","","","","","","","","","",
"Serbia","SRB","Government expenditure per student, primary (% of GDP per capita)","SE.XPD.PRIM.PC.ZS","","","","","","","","","","","","","","","","","","","","","","","","","","","","","","","","","","","","","","","","","","","","","","","","50.20207","53.22308","54.79301","51.10212","48.06522","","","","43.65488","","","","","","","",
"Sub-Saharan Africa (excluding high income)","SSA","Government expenditure per student, primary (% of GDP per capita)","SE.XPD.PRIM.PC.ZS","","","","","","","","","","","","","","","","","","","","","","","","","","","","","","","","","","","","","","","","","","","","","","","","","","","10.38055","9.49074","11.14255","","","","","","","","","","",
"South Sudan","SSD","Government expenditure per student, primary (% of GDP per capita)","SE.XPD.PRIM.PC.ZS","","","","","","","","","","","","","","","","","","","","","","","","","","","","","","","","","","","","","","","","","","","","","","","","","","","","3.41334","","","","","4.57838","","","","","","",
"Sub-Saharan Africa","SSF","Government expenditure per student, primary (% of GDP per capita)","SE.XPD.PRIM.PC.ZS","","","","","","","","","","","","","","","","","","","","","","","","","","","","","","","","","","","","","","","","","","","","","","","","","","","10.38055","9.49074","11.14255","","","","","","","","","","",
"Small states","SST","Government expenditure per student, primary (% of GDP per capita)","SE.XPD.PRIM.PC.ZS","","","","","","","","","","","","","","","","","","","","","","","","","","","","","","","","","","","","","","","","","","11.35551","11.943535","12.862605","11.427635","13.2024","","","16.43938","14.755175","19.17284","17.502885","","","14.898435","","","","","","","","",
"Sao Tome and Principe","STP","Government expenditure per student, primary (% of GDP per capita)","SE.XPD.PRIM.PC.ZS","","","","","","","","","","","","","","","","","","","","","","","","","","","","","","","","","","","","","","","","","","","","","","","","","","","","","18.15703","17.50715","11.87365","","","","","","","","",
"Suriname","SUR","Government expenditure per student, primary (% of GDP per capita)","SE.XPD.PRIM.PC.ZS","","","","","","","","","","","","","","","","","","","","","","","","","","","","","","","","","","","","","","","","","","","","","","","","","","","","","","","","","","","","","","","",
"Slovak Republic","SVK","Government expenditure per student, primary (% of GDP per capita)","SE.XPD.PRIM.PC.ZS","","","","","","","","","","","","","","","","","","","","","","","","","","","","","","","","","","","","","","24.39578","","10.01457","10.54801","10.52031","11.03804","12.5474","11.59984","14.30109","14.91948","15.18528","15.18246","18.25192","21.57581","19.47233","18.47706","20.03757","19.88464","21.6772","20.8158","","","","","","",
"Slovenia","SVN","Government expenditure per student, primary (% of GDP per capita)","SE.XPD.PRIM.PC.ZS","","","","","","","","","","","","","","","","","","","","","","","","","","","","","","","","","","","","","","","","","","25.65302","27.4273","28.38557","","","","","","","30.41403","30.00851","29.89206","28.4376","27.30189","24.55179","23.5703","","","","","","",
"Sweden","SWE","Government expenditure per student, primary (% of GDP per capita)","SE.XPD.PRIM.PC.ZS","","","","","","","","","","","","","","","","","","","","","","","","","","","","","","","","","","","","","","","22.35308","21.30818","21.72499","20.64739","22.2216","21.81375","23.52314","23.57448","23.09714","23.66173","24.76819","26.74402","26.15131","25.6905","22.04928","22.22538","21.88263","21.33574","21.74093","","","","","","",
"Eswatini","SWZ","Government expenditure per student, primary (% of GDP per capita)","SE.XPD.PRIM.PC.ZS","","","","","","","","","","","","","","","","","","","","","","","","","","","","","","","","","","","","","","","","7.92192","9.08873","7.30044","7.99377","9.00321","9.98046","12.14853","11.88632","","9.97787","","13.19017","14.74651","","","16.46033","","","","","","","","",
"Sint Maarten (Dutch part)","SXM","Government expenditure per student, primary (% of GDP per capita)","SE.XPD.PRIM.PC.ZS","","","","","","","","","","","","","","","","","","","","","","","","","","","","","","","","","","","","","","","","","","","","","","","","","","","","","","","","","","","","","","","",
"Seychelles","SYC","Government expenditure per student, primary (% of GDP per capita)","SE.XPD.PRIM.PC.ZS","","","","","","","","","","","","","","","","","","","","","","","","","","","","","","","","","","","","","","","8.61042","","","","14.4642","15.40933","","","","","","","","8.68979","10.2706","12.8518","15.84963","","14.19805","","","","","","",
"Syrian Arab Republic","SYR","Government expenditure per student, primary (% of GDP per capita)","SE.XPD.PRIM.PC.ZS","","","","","","","","","","","","","","","","","","","","","","","","","","","","","","","","","","","","","","8.94","9.8574","11.12299","12.56604","","13.17415","","","","","17.94693","","17.74459","","","16.88861","","","","","","","","","","",
"Turks and Caicos Islands","TCA","Government expenditure per student, primary (% of GDP per capita)","SE.XPD.PRIM.PC.ZS","","","","","","","","","","","","","","","","","","","","","","","","","","","","","","","","","","","","","","","","","16.1969","16.51217","11.63794","14.12687","","9.67709","","","","","","","","","","15.64521","","","5.7043","","","","",
"Chad","TCD","Government expenditure per student, primary (% of GDP per capita)","SE.XPD.PRIM.PC.ZS","","","","","","","","","","","","","","","","","","","","","","","","","","","","","","","","","","","","","","16.2653","9.36695","","","","","","5.554","6.20604","","","","9.47322","7.08025","5.8851","6.30003","","","","","","","","","","",
"East Asia & Pacific (IDA & IBRD countries)","TEA","Government expenditure per student, primary (% of GDP per capita)","SE.XPD.PRIM.PC.ZS","","","","","","","","","","","","","","","","","","","","","","","","","","","","","","","","","","","","","","","","","","","","","","","","","","14.19945","12.38303","14.92751","11.00235","12.512775","10.691165","","","","","","","","",
"Europe & Central Asia (IDA & IBRD countries)","TEC","Government expenditure per student, primary (% of GDP per capita)","SE.XPD.PRIM.PC.ZS","","","","","","","","","","","","","","","","","","","","","","","","","","","","","","","","","","","","","","","","","","","","","","","","","","","","","","","","","","","","","","","",
"Togo","TGO","Government expenditure per student, primary (% of GDP per capita)","SE.XPD.PRIM.PC.ZS","","","","","","","","","","","","","","","","","","","","","","","","","","","","","","","","","","","","","","","9.27981","7.95161","10.25412","9.96597","9.32211","8.92471","7.38837","7.43245","6.32811","8.28509","8.33318","9.90917","10.56538","10.67254","14.86801","12.76128","14.24541","16.09805","16.16121","","","","","","",
"Thailand","THA","Government expenditure per student, primary (% of GDP per capita)","SE.XPD.PRIM.PC.ZS","","","","","","","","","","","","","","","","","","","","","","","","","","","","","","","","","","","","","","14.34082","12.73274","","17.47133","16.29806","","","13.3991","","","","18.93508","22.18502","18.36191","32.44923","27.53315","23.31561","","","","","","","","","",
"Tajikistan","TJK","Government expenditure per student, primary (% of GDP per capita)","SE.XPD.PRIM.PC.ZS","","","","","","","","","","","","","","","","","","","","","","","","","","","","","","","","","","","","","","","","","","","","","","","","","","","","","","","","","","","","","","","",
"Turkmenistan","TKM","Government expenditure per student, primary (% of GDP per capita)","SE.XPD.PRIM.PC.ZS","","","","","","","","","","","","","","","","","","","","","","","","","","","","","","","","","","","","","","","","","","","","","","","","","","","","","","","","","","","","","","","",
"Latin America & the Caribbean (IDA & IBRD countries)","TLA","Government expenditure per student, primary (% of GDP per capita)","SE.XPD.PRIM.PC.ZS","","","","","","","","","","","","","","","","","","","","","","","","","","","","","","","","","","","","","","","","","10.668335","10.38052","10.08778","","9.699475","9.95862","","11.21729","12.92352","15.292355","13.68048","13.039845","13.90573","14.41983","14.320055","15.18748","15.2222","","","","","","",
"Timor-Leste","TLS","Government expenditure per student, primary (% of GDP per capita)","SE.XPD.PRIM.PC.ZS","","","","","","","","","","","","","","","","","","","","","","","","","","","","","","","","","","","","","","","","","","","","","","","","","","","","6.27376","3.78204","4.24855","8.34206","","","","","","","","",
"Middle East & North Africa (IDA & IBRD countries)","TMN","Government expenditure per student, primary (% of GDP per capita)","SE.XPD.PRIM.PC.ZS","","","","","","","","","","","","","","","","","","","","","","","","","","","","","","","","","","","","","","","","","","","13.670685","","","","","","","","","","","","","","","","","","","","",
"Tonga","TON","Government expenditure per student, primary (% of GDP per capita)","SE.XPD.PRIM.PC.ZS","","","","","","","","","","","","","","","","","","","","","","","","","","","","","","","","","","","","","","","9.23848","","","","10.78056","9.09437","9.667","","","","","","","","","","","","","","","","","","",
"South Asia (IDA & IBRD)","TSA","Government expenditure per student, primary (% of GDP per capita)","SE.XPD.PRIM.PC.ZS","","","","","","","","","","","","","","","","","","","","","","","","","","","","","","","","","","","","","","","","","","","","","","","","","","7.57923","9.293735","10.227995","8.86259","9.79172","10.125075","9.17222","","","","","","","",
"Sub-Saharan Africa (IDA & IBRD countries)","TSS","Government expenditure per student, primary (% of GDP per capita)","SE.XPD.PRIM.PC.ZS","","","","","","","","","","","","","","","","","","","","","","","","","","","","","","","","","","","","","","","","","","","","","","","","","","","10.38055","9.49074","11.14255","","","","","","","","","","",
"Trinidad and Tobago","TTO","Government expenditure per student, primary (% of GDP per capita)","SE.XPD.PRIM.PC.ZS","","","","","","","","","","","","","","","","","","","","","","","","","","","","","","","","","","","","","","","","","10.40992","11.35551","15.44614","11.18501","","","","8.57427","10.36225","15.09929","","","","","","","","","","","","","",
"Tunisia","TUN","Government expenditure per student, primary (% of GDP per capita)","SE.XPD.PRIM.PC.ZS","","","","","","","","","","","","","","","","","","","","","","","","","","","","","","","","","","","","","","14.90708","","14.41189","14.18801","14.65381","14.16722","18.56868","19.32801","18.87208","","","17.43237","","","","","","","","","","","","","","",
"Turkiye","TUR","Government expenditure per student, primary (% of GDP per capita)","SE.XPD.PRIM.PC.ZS","","","","","","","","","","","","","","","","","","","","","","","","","","","","","","","","","","","","","","","","","","","","","","","","","","","","","13.27685","13.20414","14.60988","14.38743","12.99947","","","","","","",
"Tuvalu","TUV","Government expenditure per student, primary (% of GDP per capita)","SE.XPD.PRIM.PC.ZS","","","","","","","","","","","","","","","","","","","","","","","","","","","","","","","","","","","","","","","","","","","","","","","","","","","","","","","","","","","","","","","",
"Tanzania","TZA","Government expenditure per student, primary (% of GDP per capita)","SE.XPD.PRIM.PC.ZS","","","","","","","","","","","","","","","","","","","","","","","","","","","","","","","","","","","","","","","","","","","","","10.96372","9.566","7.43929","9.15968","8.71012","7.99235","","","","","9.52422","","","","","","","","",
"Uganda","UGA","Government expenditure per student, primary (% of GDP per capita)","SE.XPD.PRIM.PC.ZS","","","","","","","","","","","","","","","","","","","","","","","","","","","","","","","","","","","","","","","","","","","","","10.31745","","","","","","4.23554","6.91598","5.78683","5.16447","5.61796","","","","","","","","",
"Ukraine","UKR","Government expenditure per student, primary (% of GDP per capita)","SE.XPD.PRIM.PC.ZS","","","","","","","","","","","","","","","","","","","","","","","","","","","","","","","","","","","","","","65.10102","","","","","","","","","","","","","","28.1313","32.38915","32.34896","27.03674","","26.25312","30.31566","","","","","",
"Upper middle income","UMC","Government expenditure per student, primary (% of GDP per capita)","SE.XPD.PRIM.PC.ZS","","","","","","","","","","","","","","","","","","","","","","","","","","","","","","","","","","","","","","","","","","","","","","","","","13.52084","","14.838285","","13.59129","","","","","","","","","","",
"Uruguay","URY","Government expenditure per student, primary (% of GDP per capita)","SE.XPD.PRIM.PC.ZS","","","","","","","","","","","","","","","","","","","","","","","","","","","","","","","","","","","","","","","","7.14943","7.25549","9.62552","6.97918","5.84956","7.3601","8.33481","8.7376","","","","","12.03765","","","","","12.39083","12.64033","","","","","",
"United States","USA","Government expenditure per student, primary (% of GDP per capita)","SE.XPD.PRIM.PC.ZS","","","","","","","","","","","","","","","","","","","","","","","","","","","","","","","","","","","","","","","","","","","","","","","","","","","22.05341","20.85277","20.5226","19.71867","19.7888","19.76064","19.85908","","","","","","",
"Uzbekistan","UZB","Government expenditure per student, primary (% of GDP per capita)","SE.XPD.PRIM.PC.ZS","","","","","","","","","","","","","","","","","","","","","","","","","","","","","","","","","","","","","","","","","","","","","","","","","","","","","","","","","","","","","","","",
"St. Vincent and the Grenadines","VCT","Government expenditure per student, primary (% of GDP per capita)","SE.XPD.PRIM.PC.ZS","","","","","","","","","","","","","","","","","","","","","","","","","","","","","","","","","","","","","","","13.71599","","21.62945","","","19.70466","","15.82358","","20.06391","","17.31536","15.78195","17.52392","","17.38823","18.2446","16.7271","17.94852","17.84389","17.50517","","","","",
"Venezuela, RB","VEN","Government expenditure per student, primary (% of GDP per capita)","SE.XPD.PRIM.PC.ZS","","","","","","","","","","","","","","","","","","","","","","","","","","","","","","","","","","","","","","","","","","","","","","","7.91899","8.93013","","17.55981","","","","","","17.91013","","","","","","","",
"British Virgin Islands","VGB","Government expenditure per student, primary (% of GDP per capita)","SE.XPD.PRIM.PC.ZS","","","","","","","","","","","","","","","","","","","","","","","","","","","","","","","","","","","","","","","","","","6.03613","","","8.54494","8.19744","8.21172","7.37639","","8.52347","11.29099","","","","","7.38379","","6.24826","","","","","",
"Virgin Islands (U.S.)","VIR","Government expenditure per student, primary (% of GDP per capita)","SE.XPD.PRIM.PC.ZS","","","","","","","","","","","","","","","","","","","","","","","","","","","","","","","","","","","","","","","","","","","","","","","","","","","","","","","","","","","","","","","",
"Vietnam","VNM","Government expenditure per student, primary (% of GDP per capita)","SE.XPD.PRIM.PC.ZS","","","","","","","","","","","","","","","","","","","","","","","","","","","","","","","","","","","","","","","","","","","","","","","","","18.02041","19.2398","19.59413","17.58757","20.85711","21.14295","","","","","","","","","",
"Vanuatu","VUT","Government expenditure per student, primary (% of GDP per capita)","SE.XPD.PRIM.PC.ZS","","","","","","","","","","","","","","","","","","","","","","","","","","","","","","","","","","","","","","","11.7337","11.26058","13.2647","12.93053","","","","","","","16.71592","16.15883","","","","","","13.5286","","","","","","","",
"World","WLD","Government expenditure per student, primary (% of GDP per capita)","SE.XPD.PRIM.PC.ZS","","","","","","","","","","","","","","","","","","","","","","","","","","","","","","","","","","","","","","","","","","","","","","","","","","","15.16503","15.40649","14.86019","15.5618","","","","","","","","","",
"Samoa","WSM","Government expenditure per student, primary (% of GDP per capita)","SE.XPD.PRIM.PC.ZS","","","","","","","","","","","","","","","","","","","","","","","","","","","","","","","","","","","","","","","","8.1093","7.20234","8.63119","10.56345","","","","","","","","","","","","","","8.96586","","","","","","",
"Kosovo","XKX","Government expenditure per student, primary (% of GDP per capita)","SE.XPD.PRIM.PC.ZS","","","","","","","","","","","","","","","","","","","","","","","","","","","","","","","","","","","","","","","","","","","","","","","","","","","","","","","","","","","","","","","",
"Yemen, Rep.","YEM","Government expenditure per student, primary (% of GDP per capita)","SE.XPD.PRIM.PC.ZS","","","","","","","","","","","","","","","","","","","","","","","","","","","","","","","","","","","","","","","","","","","","","","","","","","","","18.05957","","","","","","","","","","","",
"South Africa","ZAF","Government expenditure per student, primary (% of GDP per capita)","SE.XPD.PRIM.PC.ZS","","","","","","","","","","","","","","","","","","","","","","","","","","","","","","","","","","","","","","","","14.4361","13.97102","13.79207","13.74888","12.53918","12.8215","13.81449","14.97756","14.05692","13.31467","14.84732","17.20415","17.6054","19.01025","","17.8295","","","17.6493","17.94111","","","","",
"Zambia","ZMB","Government expenditure per student, primary (% of GDP per capita)","SE.XPD.PRIM.PC.ZS","","","","","","","","","","","","","","","","","","","","","","","","","","","","","","","","","","","","","","","","","6.42147","","","","8.07122","4.77933","","","","","","","","","","14.32072","12.91385","12.88822","","","","","",
"Zimbabwe","ZWE","Government expenditure per student, primary (% of GDP per capita)","SE.XPD.PRIM.PC.ZS","","","","","","","","","","","","","","","","","","","","","","","","","","","","","","","","","","","","","","","","","","","","","","","","","","","","","14.01205","14.00009","","","","","","","","","",
